Label (Grouping),Illinois Total Population,Illinois %,Chicago Metro Total Population,Chicago Metro %,Texas Population,Texas!!Percent,Houston Metro Population,Houston Metro Population Percent,Label/Group,California Estimate,California Percent,Los Angeles City Estimate,Los Angeles City Percent,Philadelphia Total Population,Philadelphia %,"Phoenix city, Arizona!!Estimate",Phoenix %
SEX AND AGE,,,,,,,,,,,,,,,,,
    Total population,"12,716,164","12,716,164","9,478,801","9,478,801",,,,,,,,,,,,,
        Male,"6,247,083",49.1%,"4,640,471",49.0%,,,,,,,,,,,,,
        Female,"6,469,081",50.9%,"4,838,330",51.0%,,,,,,,,,,,,,
        Sex ratio (males per 100 females),96.6,(X),95.9,(X),,,,,,,,,,,,,
        Under 5 years,"755,518",5.9%,"568,544",6.0%,,,,,,,,,,,,,
        5 to 9 years,"768,804",6.0%,"580,564",6.1%,,,,,,,,,,,,,
        10 to 14 years,"829,779",6.5%,"629,595",6.6%,,,,,,,,,,,,,
        15 to 19 years,"831,088",6.5%,"620,031",6.5%,,,,,,,,,,,,,
        20 to 24 years,"844,275",6.6%,"617,600",6.5%,,,,,,,,,,,,,
        25 to 34 years,"1,763,829",13.9%,"1,364,955",14.4%,,,,,,,,,,,,,
        35 to 44 years,"1,638,700",12.9%,"1,260,820",13.3%,,,,,,,,,,,,,
        45 to 54 years,"1,636,992",12.9%,"1,243,961",13.1%,,,,,,,,,,,,,
        55 to 59 years,"864,033",6.8%,"639,077",6.7%,,,,,,,,,,,,,
        60 to 64 years,"792,720",6.2%,"570,387",6.0%,,,,,,,,,,,,,
        65 to 74 years,"1,146,641",9.0%,"808,813",8.5%,,,,,,,,,,,,,
        75 to 84 years,"573,017",4.5%,"392,861",4.1%,,,,,,,,,,,,,
        85 years and over,"270,768",2.1%,"181,593",1.9%,,,,,,,,,,,,,
        Median age (years),38.3,(X),37.7,(X),,,,,,,,,,,,,
        Under 18 years,"2,855,433",22.5%,"2,160,390",22.8%,,,,,,,,,,,,,
        16 years and over,"10,193,604",80.2%,"7,572,022",79.9%,,,,,,,,,,,,,
        18 years and over,"9,860,731",77.5%,"7,318,411",77.2%,,,,,,,,,,,,,
        21 years and over,"9,363,657",73.6%,"6,962,416",73.5%,,,,,,,,,,,,,
        62 years and over,"2,443,504",19.2%,"1,706,877",18.0%,,,,,,,,,,,,,
        65 years and over,"1,990,426",15.7%,"1,383,267",14.6%,,,,,,,,,,,,,
        18 years and over,"9,860,731","9,860,731","7,318,411","7,318,411",,,,,,,,,,,,,
            Male,"4,789,667",48.6%,"3,539,774",48.4%,,,,,,,,,,,,,
            Female,"5,071,064",51.4%,"3,778,637",51.6%,,,,,,,,,,,,,
            Sex ratio (males per 100 females),94.5,(X),93.7,(X),,,,,,,,,,,,,
        65 years and over,"1,990,426","1,990,426","1,383,267","1,383,267",,,,,,,,,,,,,
            Male,"868,794",43.6%,"599,231",43.3%,,,,,,,,,,,,,
            Female,"1,121,632",56.4%,"784,036",56.7%,,,,,,,,,,,,,
            Sex ratio (males per 100 females),77.5,(X),76.4,(X),,,,,,,,,,,,,
RACE,,,,,,,,,,,,,,,,,
    Total population,"12,716,164","12,716,164","9,478,801","9,478,801",,,,,,,,,,,,,
        One race,"12,176,612",95.8%,"9,022,447",95.2%,,,,,,,,,,,,,
        Two or more races,"539,552",4.2%,"456,354",4.8%,,,,,,,,,,,,,
        One race,"12,176,612",95.8%,"9,022,447",95.2%,,,,,,,,,,,,,
            White,"8,874,067",69.8%,"6,031,584",63.6%,,,,,,,,,,,,,
            Black or African American,"1,796,660",14.1%,"1,558,492",16.4%,,,,,,,,,,,,,
            American Indian and Alaska Native,"33,972",0.3%,"28,695",0.3%,,,,,,,,,,,,,
                Cherokee tribal grouping,"2,649",0.0%,"1,809",0.0%,,,,,,,,,,,,,
                Chippewa tribal grouping,"1,399",0.0%,"1,094",0.0%,,,,,,,,,,,,,
                Navajo tribal grouping,418,0.0%,354,0.0%,,,,,,,,,,,,,
                Sioux tribal grouping,445,0.0%,217,0.0%,,,,,,,,,,,,,
            Asian,"709,567",5.6%,"641,801",6.8%,,,,,,,,,,,,,
                Asian Indian,"248,679",2.0%,"229,003",2.4%,,,,,,,,,,,,,
                Chinese,"133,138",1.0%,"115,557",1.2%,,,,,,,,,,,,,
                Filipino,"121,406",1.0%,"114,012",1.2%,,,,,,,,,,,,,
                Japanese,"18,419",0.1%,"16,475",0.2%,,,,,,,,,,,,,
                Korean,"57,487",0.5%,"51,891",0.5%,,,,,,,,,,,,,
                Vietnamese,"32,801",0.3%,"28,118",0.3%,,,,,,,,,,,,,
                Other Asian,"97,637",0.8%,"86,745",0.9%,,,,,,,,,,,,,
            Native Hawaiian and Other Pacific Islander,"5,196",0.0%,"3,865",0.0%,,,,,,,,,,,,,
                Native Hawaiian,"2,106",0.0%,"1,220",0.0%,,,,,,,,,,,,,
                Chamorro,685,0.0%,525,0.0%,,,,,,,,,,,,,
                Samoan,968,0.0%,948,0.0%,,,,,,,,,,,,,
                Other Pacific Islander,"1,437",0.0%,"1,172",0.0%,,,,,,,,,,,,,
            Some other race,"757,150",6.0%,"758,010",8.0%,,,,,,,,,,,,,
        Two or more races,"539,552",4.2%,"456,354",4.8%,,,,,,,,,,,,,
            White and Black or African American,"112,976",0.9%,"74,112",0.8%,,,,,,,,,,,,,
            White and American Indian and Alaska Native,"41,998",0.3%,"28,412",0.3%,,,,,,,,,,,,,
            White and Asian,"88,773",0.7%,"76,929",0.8%,,,,,,,,,,,,,
            Black or African American and American Indian and Alaska Native,"6,457",0.1%,"5,241",0.1%,,,,,,,,,,,,,
Race alone or in combination with one or more other races,,,,,,,,,,,,,,,,,
    Total population,"12,716,164","12,716,164","9,478,801","9,478,801",,,,,,,,,,,,,
        White,"9,367,474",73.7%,"6,446,296",68.0%,,,,,,,,,,,,,
        Black or African American,"1,957,092",15.4%,"1,673,999",17.7%,,,,,,,,,,,,,
        American Indian and Alaska Native,"104,386",0.8%,"81,125",0.9%,,,,,,,,,,,,,
        Asian,"828,847",6.5%,"745,012",7.9%,,,,,,,,,,,,,
        Native Hawaiian and Other Pacific Islander,"16,535",0.1%,"12,188",0.1%,,,,,,,,,,,,,
        Some other race,"1,013,633",8.0%,"1,003,673",10.6%,,,,,,,,,,,,,
HISPANIC OR LATINO AND RACE,,,,,,,,,,,,,,,,,
    Total population,"12,716,164","12,716,164","9,478,801","9,478,801",,,,,,,,,,,,,
        Hispanic or Latino (of any race),"2,190,696",17.2%,"2,107,040",22.2%,,,,,,,,,,,,,
            Mexican,"1,709,245",13.4%,"1,639,211",17.3%,,,,,,,,,,,,,
            Puerto Rican,"203,537",1.6%,"207,526",2.2%,,,,,,,,,,,,,
            Cuban,"27,916",0.2%,"25,747",0.3%,,,,,,,,,,,,,
            Other Hispanic or Latino,"249,998",2.0%,"234,556",2.5%,,,,,,,,,,,,,
        Not Hispanic or Latino,"10,525,468",82.8%,"7,371,761",77.8%,,,,,,,,,,,,,
            White alone,"7,737,459",60.8%,"4,968,896",52.4%,,,,,,,,,,,,,
            Black or African American alone,"1,766,586",13.9%,"1,531,675",16.2%,,,,,,,,,,,,,
            American Indian and Alaska Native alone,"13,301",0.1%,"8,962",0.1%,,,,,,,,,,,,,
            Asian alone,"702,457",5.5%,"635,268",6.7%,,,,,,,,,,,,,
            Native Hawaiian and Other Pacific Islander alone,"3,305",0.0%,"2,380",0.0%,,,,,,,,,,,,,
            Some other race alone,"24,851",0.2%,"21,442",0.2%,,,,,,,,,,,,,
            Two or more races,"277,509",2.2%,"203,138",2.1%,,,,,,,,,,,,,
                Two races including Some other race,"25,404",0.2%,"21,166",0.2%,,,,,,,,,,,,,
"                Two races excluding Some other race, and Three or more races","252,105",2.0%,"181,972",1.9%,,,,,,,,,,,,,
Total housing units,"5,373,385",(X),"3,856,019",(X),,,,,,,,,,,,,
"CITIZEN, VOTING AGE POPULATION",,,,,,,,,,,,,,,,,
"    Citizen, 18 and over population","9,064,396","9,064,396","6,580,515","6,580,515",,,,,,,,,,,,,
        Male,"4,377,685",48.3%,"3,159,580",48.0%,,,,,,,,,,,,,
        Female,"4,686,711",51.7%,"3,420,935",52.0%,,,,,,,,,,,,,
SEX AND AGE,,,,,,,,,,,,,,,,,
    Total population,,,,,"28,635,442","28,635,442","6,979,613","6,979,613",,,,,,,,,
        Male,,,,,"14,221,720",49.7%,"3,461,935",49.6%,,,,,,,,,
        Female,,,,,"14,413,722",50.3%,"3,517,678",50.4%,,,,,,,,,
        Sex ratio (males per 100 females),,,,,98.7,(X),98.4,(X),,,,,,,,,
        Under 5 years,,,,,"1,997,007",7.0%,"504,600",7.2%,,,,,,,,,
        5 to 9 years,,,,,"2,016,752",7.0%,"509,962",7.3%,,,,,,,,,
        10 to 14 years,,,,,"2,130,618",7.4%,"533,391",7.6%,,,,,,,,,
        15 to 19 years,,,,,"2,040,331",7.1%,"485,752",7.0%,,,,,,,,,
        20 to 24 years,,,,,"2,000,883",7.0%,"454,655",6.5%,,,,,,,,,
        25 to 34 years,,,,,"4,210,488",14.7%,"1,048,439",15.0%,,,,,,,,,
        35 to 44 years,,,,,"3,888,044",13.6%,"996,050",14.3%,,,,,,,,,
        45 to 54 years,,,,,"3,542,967",12.4%,"890,422",12.8%,,,,,,,,,
        55 to 59 years,,,,,"1,702,570",5.9%,"416,007",6.0%,,,,,,,,,
        60 to 64 years,,,,,"1,512,413",5.3%,"363,361",5.2%,,,,,,,,,
        65 to 74 years,,,,,"2,166,863",7.6%,"489,573",7.0%,,,,,,,,,
        75 to 84 years,,,,,"1,019,395",3.6%,"208,180",3.0%,,,,,,,,,
        85 years and over,,,,,"407,111",1.4%,"79,221",1.1%,,,,,,,,,
        Median age (years),,,,,34.8,(X),34.5,(X),,,,,,,,,
        Under 18 years,,,,,"7,381,482",25.8%,"1,855,295",26.6%,,,,,,,,,
        16 years and over,,,,,"22,078,090",77.1%,"5,328,736",76.3%,,,,,,,,,
        18 years and over,,,,,"21,253,960",74.2%,"5,124,318",73.4%,,,,,,,,,
        21 years and over,,,,,"20,041,449",70.0%,"4,858,770",69.6%,,,,,,,,,
        62 years and over,,,,,"4,464,765",15.6%,"986,044",14.1%,,,,,,,,,
        65 years and over,,,,,"3,593,369",12.5%,"776,974",11.1%,,,,,,,,,
        18 years and over,,,,,"21,253,960","21,253,960","5,124,318","5,124,318",,,,,,,,,
            Male,,,,,"10,456,881",49.2%,"2,516,830",49.1%,,,,,,,,,
            Female,,,,,"10,797,079",50.8%,"2,607,488",50.9%,,,,,,,,,
            Sex ratio (males per 100 females),,,,,96.8,(X),96.5,(X),,,,,,,,,
        65 years and over,,,,,"3,593,369","3,593,369","776,974","776,974",,,,,,,,,
            Male,,,,,"1,603,567",44.6%,"348,402",44.8%,,,,,,,,,
            Female,,,,,"1,989,802",55.4%,"428,572",55.2%,,,,,,,,,
            Sex ratio (males per 100 females),,,,,80.6,(X),81.3,(X),,,,,,,,,
RACE,,,,,,,,,,,,,,,,,
    Total population,,,,,"28,635,442","28,635,442","6,979,613","6,979,613",,,,,,,,,
        One race,,,,,"26,637,358",93.0%,"6,503,446",93.2%,,,,,,,,,
        Two or more races,,,,,"1,998,084",7.0%,"476,167",6.8%,,,,,,,,,
        One race,,,,,"26,637,358",93.0%,"6,503,446",93.2%,,,,,,,,,
            White,,,,,"19,805,623",69.2%,"4,195,289",60.1%,,,,,,,,,
            Black or African American,,,,,"3,464,424",12.1%,"1,200,811",17.2%,,,,,,,,,
            American Indian and Alaska Native,,,,,"137,921",0.5%,"29,444",0.4%,,,,,,,,,
                Cherokee tribal grouping,,,,,"15,834",0.1%,"2,927",0.0%,,,,,,,,,
                Chippewa tribal grouping,,,,,884,0.0%,262,0.0%,,,,,,,,,
                Navajo tribal grouping,,,,,"4,701",0.0%,985,0.0%,,,,,,,,,
                Sioux tribal grouping,,,,,"2,002",0.0%,243,0.0%,,,,,,,,,
            Asian,,,,,"1,415,664",4.9%,"550,463",7.9%,,,,,,,,,
                Asian Indian,,,,,"434,221",1.5%,"144,520",2.1%,,,,,,,,,
                Chinese,,,,,"222,360",0.8%,"100,917",1.4%,,,,,,,,,
                Filipino,,,,,"138,677",0.5%,"54,780",0.8%,,,,,,,,,
                Japanese,,,,,"22,369",0.1%,"6,433",0.1%,,,,,,,,,
                Korean,,,,,"80,349",0.3%,"18,454",0.3%,,,,,,,,,
                Vietnamese,,,,,"278,124",1.0%,"136,813",2.0%,,,,,,,,,
                Other Asian,,,,,"239,564",0.8%,"88,546",1.3%,,,,,,,,,
            Native Hawaiian and Other Pacific Islander,,,,,"25,328",0.1%,"3,422",0.0%,,,,,,,,,
                Native Hawaiian,,,,,"6,207",0.0%,776,0.0%,,,,,,,,,
                Chamorro,,,,,"6,968",0.0%,795,0.0%,,,,,,,,,
                Samoan,,,,,"4,405",0.0%,866,0.0%,,,,,,,,,
                Other Pacific Islander,,,,,"7,748",0.0%,985,0.0%,,,,,,,,,
            Some other race,,,,,"1,788,398",6.2%,"524,017",7.5%,,,,,,,,,
        Two or more races,,,,,"1,998,084",7.0%,"476,167",6.8%,,,,,,,,,
            White and Black or African American,,,,,"241,543",0.8%,"54,463",0.8%,,,,,,,,,
            White and American Indian and Alaska Native,,,,,"152,915",0.5%,"27,567",0.4%,,,,,,,,,
            White and Asian,,,,,"159,783",0.6%,"45,943",0.7%,,,,,,,,,
            Black or African American and American Indian and Alaska Native,,,,,"20,560",0.1%,"4,705",0.1%,,,,,,,,,
Race alone or in combination with one or more other races,,,,,,,,,,,,,,,,,
    Total population,,,,,"28,635,442","28,635,442","6,979,613","6,979,613",,,,,,,,,
        White,,,,,"21,681,317",75.7%,"4,635,167",66.4%,,,,,,,,,
        Black or African American,,,,,"3,834,846",13.4%,"1,291,826",18.5%,,,,,,,,,
        American Indian and Alaska Native,,,,,"370,697",1.3%,"75,723",1.1%,,,,,,,,,
        Asian,,,,,"1,656,166",5.8%,"618,742",8.9%,,,,,,,,,
        Native Hawaiian and Other Pacific Islander,,,,,"60,744",0.2%,"10,938",0.2%,,,,,,,,,
        Some other race,,,,,"3,124,393",10.9%,"846,729",12.1%,,,,,,,,,
HISPANIC OR LATINO AND RACE,,,,,,,,,,,,,,,,,
    Total population,,,,,"28,635,442","28,635,442","6,979,613","6,979,613",,,,,,,,,
        Hispanic or Latino (of any race),,,,,"11,294,257",39.4%,"2,611,634",37.4%,,,,,,,,,
            Mexican,,,,,"9,530,419",33.3%,"1,898,723",27.2%,,,,,,,,,
            Puerto Rican,,,,,"217,113",0.8%,"50,066",0.7%,,,,,,,,,
            Cuban,,,,,"99,954",0.3%,"44,612",0.6%,,,,,,,,,
            Other Hispanic or Latino,,,,,"1,446,771",5.1%,"618,233",8.9%,,,,,,,,,
        Not Hispanic or Latino,,,,,"17,341,185",60.6%,"4,367,979",62.6%,,,,,,,,,
            White alone,,,,,"11,850,477",41.4%,"2,478,364",35.5%,,,,,,,,,
            Black or African American alone,,,,,"3,367,449",11.8%,"1,172,381",16.8%,,,,,,,,,
            American Indian and Alaska Native alone,,,,,"65,132",0.2%,"12,264",0.2%,,,,,,,,,
            Asian alone,,,,,"1,396,953",4.9%,"544,807",7.8%,,,,,,,,,
            Native Hawaiian and Other Pacific Islander alone,,,,,"21,477",0.1%,"2,709",0.0%,,,,,,,,,
            Some other race alone,,,,,"55,897",0.2%,"17,216",0.2%,,,,,,,,,
            Two or more races,,,,,"583,800",2.0%,"140,238",2.0%,,,,,,,,,
                Two races including Some other race,,,,,"48,041",0.2%,"14,519",0.2%,,,,,,,,,
"                Two races excluding Some other race, and Three or more races",,,,,"535,759",1.9%,"125,719",1.8%,,,,,,,,,
Total housing units,,,,,"11,112,975",(X),"2,646,682",(X),,,,,,,,,
"CITIZEN, VOTING AGE POPULATION",,,,,,,,,,,,,,,,,
"    Citizen, 18 and over population",,,,,"18,578,831","18,578,831","4,269,683","4,269,683",,,,,,,,,
        Male,,,,,"9,080,125",48.9%,"2,074,238",48.6%,,,,,,,,,
        Female,,,,,"9,498,706",51.1%,"2,195,445",51.4%,,,,,,,,,
,,,,,,,,,SEX AND AGE,,,,,,,,
,,,,,,,,,    Total population,"39,346,023","39,346,023","3,973,278","3,973,278",,,,
,,,,,,,,,        Male,"19,562,882",49.7%,"1,966,568",49.5%,,,,
,,,,,,,,,        Female,"19,783,141",50.3%,"2,006,710",50.5%,,,,
,,,,,,,,,        Sex ratio (males per 100 females),98.9,(X),98.0,(X),,,,
,,,,,,,,,        Under 5 years,"2,409,082",6.1%,"226,227",5.7%,,,,
,,,,,,,,,        5 to 9 years,"2,431,647",6.2%,"224,155",5.6%,,,,
,,,,,,,,,        10 to 14 years,"2,597,443",6.6%,"225,304",5.7%,,,,
,,,,,,,,,        15 to 19 years,"2,548,072",6.5%,"237,653",6.0%,,,,
,,,,,,,,,        20 to 24 years,"2,694,636",6.8%,"292,361",7.4%,,,,
,,,,,,,,,        25 to 34 years,"6,007,913",15.3%,"723,858",18.2%,,,,
,,,,,,,,,        35 to 44 years,"5,233,903",13.3%,"571,032",14.4%,,,,
,,,,,,,,,        45 to 54 years,"5,039,155",12.8%,"516,798",13.0%,,,,
,,,,,,,,,        55 to 59 years,"2,485,487",6.3%,"237,072",6.0%,,,,
,,,,,,,,,        60 to 64 years,"2,254,188",5.7%,"208,031",5.2%,,,,
,,,,,,,,,        65 to 74 years,"3,270,380",8.3%,"290,863",7.3%,,,,
,,,,,,,,,        75 to 84 years,"1,609,373",4.1%,"143,939",3.6%,,,,
,,,,,,,,,        85 years and over,"764,744",1.9%,"75,985",1.9%,,,,
,,,,,,,,,        Median age (years),36.7,(X),35.9,(X),,,,
,,,,,,,,,        Under 18 years,"8,956,641",22.8%,"809,449",20.4%,,,,
,,,,,,,,,        16 years and over,"31,403,964",79.8%,"3,254,012",81.9%,,,,
,,,,,,,,,        18 years and over,"30,389,382",77.2%,"3,163,829",79.6%,,,,
,,,,,,,,,        21 years and over,"28,814,732",73.2%,"3,004,252",75.6%,,,,
,,,,,,,,,        62 years and over,"6,934,362",17.6%,"628,889",15.8%,,,,
,,,,,,,,,        65 years and over,"5,644,497",14.3%,"510,787",12.9%,,,,
,,,,,,,,,        18 years and over,"30,389,382","30,389,382","3,163,829","3,163,829",,,,
,,,,,,,,,            Male,"14,984,186",49.3%,"1,553,446",49.1%,,,,
,,,,,,,,,            Female,"15,405,196",50.7%,"1,610,383",50.9%,,,,
,,,,,,,,,            Sex ratio (males per 100 females),97.3,(X),96.5,(X),,,,
,,,,,,,,,        65 years and over,"5,644,497","5,644,497","510,787","510,787",,,,
,,,,,,,,,            Male,"2,511,445",44.5%,"218,701",42.8%,,,,
,,,,,,,,,            Female,"3,133,052",55.5%,"292,086",57.2%,,,,
,,,,,,,,,            Sex ratio (males per 100 females),80.2,(X),74.9,(X),,,,
,,,,,,,,,RACE,,,,,,,,
,,,,,,,,,    Total population,"39,346,023","39,346,023","3,973,278","3,973,278",,,,
,,,,,,,,,        One race,"36,224,007",92.1%,"3,696,971",93.0%,,,,
,,,,,,,,,        Two or more races,"3,122,016",7.9%,"276,307",7.0%,,,,
,,,,,,,,,        One race,"36,224,007",92.1%,"3,696,971",93.0%,,,,
,,,,,,,,,            White,"22,053,721",56.1%,"1,944,144",48.9%,,,,
,,,,,,,,,            Black or African American,"2,250,962",5.7%,"348,701",8.8%,,,,
,,,,,,,,,            American Indian and Alaska Native,"311,629",0.8%,"28,732",0.7%,,,,
,,,,,,,,,                Cherokee tribal grouping,"15,509",0.0%,843,0.0%,,,,
,,,,,,,,,                Chippewa tribal grouping,"2,249",0.0%,141,0.0%,,,,
,,,,,,,,,                Navajo tribal grouping,"9,170",0.0%,689,0.0%,,,,
,,,,,,,,,                Sioux tribal grouping,"3,292",0.0%,178,0.0%,,,,
,,,,,,,,,            Asian,"5,834,312",14.8%,"468,006",11.8%,,,,
,,,,,,,,,                Asian Indian,"810,043",2.1%,"41,689",1.0%,,,,
,,,,,,,,,                Chinese,"1,600,362",4.1%,"82,017",2.1%,,,,
,,,,,,,,,                Filipino,"1,281,691",3.3%,"129,754",3.3%,,,,
,,,,,,,,,                Japanese,"264,054",0.7%,"29,972",0.8%,,,,
,,,,,,,,,                Korean,"470,978",1.2%,"106,241",2.7%,,,,
,,,,,,,,,                Vietnamese,"677,507",1.7%,"25,295",0.6%,,,,
,,,,,,,,,                Other Asian,"729,677",1.9%,"53,038",1.3%,,,,
,,,,,,,,,            Native Hawaiian and Other Pacific Islander,"149,636",0.4%,"6,334",0.2%,,,,
,,,,,,,,,                Native Hawaiian,"24,257",0.1%,"1,556",0.0%,,,,
,,,,,,,,,                Chamorro,"23,131",0.1%,887,0.0%,,,,
,,,,,,,,,                Samoan,"36,250",0.1%,"1,935",0.0%,,,,
,,,,,,,,,                Other Pacific Islander,"65,998",0.2%,"1,956",0.0%,,,,
,,,,,,,,,            Some other race,"5,623,747",14.3%,"901,054",22.7%,,,,
,,,,,,,,,        Two or more races,"3,122,016",7.9%,"276,307",7.0%,,,,
,,,,,,,,,            White and Black or African American,"301,755",0.8%,"26,448",0.7%,,,,
,,,,,,,,,            White and American Indian and Alaska Native,"289,886",0.7%,"15,880",0.4%,,,,
,,,,,,,,,            White and Asian,"610,661",1.6%,"49,770",1.3%,,,,
,,,,,,,,,            Black or African American and American Indian and Alaska Native,"33,298",0.1%,"3,890",0.1%,,,,
,,,,,,,,,Race alone or in combination with one or more other races,,,,,,,,
,,,,,,,,,    Total population,"39,346,023","39,346,023","3,973,278","3,973,278",,,,
,,,,,,,,,        White,"24,826,054",63.1%,"2,187,180",55.0%,,,,
,,,,,,,,,        Black or African American,"2,806,900",7.1%,"401,039",10.1%,,,,
,,,,,,,,,        American Indian and Alaska Native,"806,874",2.1%,"62,817",1.6%,,,,
,,,,,,,,,        Asian,"6,764,118",17.2%,"541,935",13.6%,,,,
,,,,,,,,,        Native Hawaiian and Other Pacific Islander,"334,713",0.9%,"18,525",0.5%,,,,
,,,,,,,,,        Some other race,"7,200,976",18.3%,"1,058,349",26.6%,,,,
,,,,,,,,,HISPANIC OR LATINO AND RACE,,,,,,,,
,,,,,,,,,    Total population,"39,346,023","39,346,023","3,973,278","3,973,278",,,,
,,,,,,,,,        Hispanic or Latino (of any race),"15,380,929",39.1%,"1,909,808",48.1%,,,,
,,,,,,,,,            Mexican,"12,635,258",32.1%,"1,256,627",31.6%,,,,
,,,,,,,,,            Puerto Rican,"227,838",0.6%,"19,748",0.5%,,,,
,,,,,,,,,            Cuban,"105,913",0.3%,"15,664",0.4%,,,,
,,,,,,,,,            Other Hispanic or Latino,"2,411,920",6.1%,"617,769",15.5%,,,,
,,,,,,,,,        Not Hispanic or Latino,"23,965,094",60.9%,"2,063,470",51.9%,,,,
,,,,,,,,,            White alone,"14,365,145",36.5%,"1,132,606",28.5%,,,,
,,,,,,,,,            Black or African American alone,"2,142,371",5.4%,"334,969",8.4%,,,,
,,,,,,,,,            American Indian and Alaska Native alone,"131,724",0.3%,"6,037",0.2%,,,,
,,,,,,,,,            Asian alone,"5,743,983",14.6%,"460,730",11.6%,,,,
,,,,,,,,,            Native Hawaiian and Other Pacific Islander alone,"135,524",0.3%,"4,938",0.1%,,,,
,,,,,,,,,            Some other race alone,"124,148",0.3%,"17,652",0.4%,,,,
,,,,,,,,,            Two or more races,"1,322,199",3.4%,"106,538",2.7%,,,,
,,,,,,,,,                Two races including Some other race,"98,006",0.2%,"10,437",0.3%,,,,
,,,,,,,,,"                Two races excluding Some other race, and Three or more races","1,224,193",3.1%,"96,101",2.4%,,,,
,,,,,,,,,Total housing units,"14,210,945",(X),"1,513,791",(X),,,,
,,,,,,,,,"CITIZEN, VOTING AGE POPULATION",,,,,,,,
,,,,,,,,,"    Citizen, 18 and over population","25,774,911","25,774,911","2,465,175","2,465,175",,,,
,,,,,,,,,        Male,"12,650,458",49.1%,"1,198,311",48.6%,,,,
,,,,,,,,,        Female,"13,124,453",50.9%,"1,266,864",51.4%,,,,
SEX AND AGE,,,,,,,,,,,,,,,,,
    Total population,,,,,,,,,,,,,,"1,581,531","1,581,531",,
        Male,,,,,,,,,,,,,,"748,846",47.3%,,
        Female,,,,,,,,,,,,,,"832,685",52.7%,,
        Sex ratio (males per 100 females),,,,,,,,,,,,,,89.9,(X),,
        Under 5 years,,,,,,,,,,,,,,"104,423",6.6%,,
        5 to 9 years,,,,,,,,,,,,,,"93,417",5.9%,,
        10 to 14 years,,,,,,,,,,,,,,"93,949",5.9%,,
        15 to 19 years,,,,,,,,,,,,,,"95,858",6.1%,,
        20 to 24 years,,,,,,,,,,,,,,"111,601",7.1%,,
        25 to 34 years,,,,,,,,,,,,,,"302,302",19.1%,,
        35 to 44 years,,,,,,,,,,,,,,"198,540",12.6%,,
        45 to 54 years,,,,,,,,,,,,,,"180,573",11.4%,,
        55 to 59 years,,,,,,,,,,,,,,"92,065",5.8%,,
        60 to 64 years,,,,,,,,,,,,,,"91,400",5.8%,,
        65 to 74 years,,,,,,,,,,,,,,"124,965",7.9%,,
        75 to 84 years,,,,,,,,,,,,,,"62,944",4.0%,,
        85 years and over,,,,,,,,,,,,,,"29,494",1.9%,,
        Median age (years),,,,,,,,,,,,,,34.6,(X),,
        Under 18 years,,,,,,,,,,,,,,"343,874",21.7%,,
        16 years and over,,,,,,,,,,,,,,"1,272,154",80.4%,,
        18 years and over,,,,,,,,,,,,,,"1,237,657",78.3%,,
        21 years and over,,,,,,,,,,,,,,"1,172,204",74.1%,,
        62 years and over,,,,,,,,,,,,,,"269,840",17.1%,,
        65 years and over,,,,,,,,,,,,,,"217,403",13.7%,,
        18 years and over,,,,,,,,,,,,,,"1,237,657","1,237,657",,
            Male,,,,,,,,,,,,,,"573,807",46.4%,,
            Female,,,,,,,,,,,,,,"663,850",53.6%,,
            Sex ratio (males per 100 females),,,,,,,,,,,,,,86.4,(X),,
        65 years and over,,,,,,,,,,,,,,"217,403","217,403",,
            Male,,,,,,,,,,,,,,"87,206",40.1%,,
            Female,,,,,,,,,,,,,,"130,197",59.9%,,
            Sex ratio (males per 100 females),,,,,,,,,,,,,,67.0,(X),,
RACE,,,,,,,,,,,,,,,,,
    Total population,,,,,,,,,,,,,,"1,581,531","1,581,531",,
        One race,,,,,,,,,,,,,,"1,514,224",95.7%,,
        Two or more races,,,,,,,,,,,,,,"67,307",4.3%,,
        One race,,,,,,,,,,,,,,"1,514,224",95.7%,,
            White,,,,,,,,,,,,,,"622,027",39.3%,,
            Black or African American,,,,,,,,,,,,,,"654,092",41.4%,,
            American Indian and Alaska Native,,,,,,,,,,,,,,"5,255",0.3%,,
                Cherokee tribal grouping,,,,,,,,,,,,,,681,0.0%,,
                Chippewa tribal grouping,,,,,,,,,,,,,,57,0.0%,,
                Navajo tribal grouping,,,,,,,,,,,,,,0,0.0%,,
                Sioux tribal grouping,,,,,,,,,,,,,,43,0.0%,,
            Asian,,,,,,,,,,,,,,"117,274",7.4%,,
                Asian Indian,,,,,,,,,,,,,,"21,749",1.4%,,
                Chinese,,,,,,,,,,,,,,"40,295",2.5%,,
                Filipino,,,,,,,,,,,,,,"6,404",0.4%,,
                Japanese,,,,,,,,,,,,,,628,0.0%,,
                Korean,,,,,,,,,,,,,,"6,011",0.4%,,
                Vietnamese,,,,,,,,,,,,,,"14,236",0.9%,,
                Other Asian,,,,,,,,,,,,,,"27,951",1.8%,,
            Native Hawaiian and Other Pacific Islander,,,,,,,,,,,,,,588,0.0%,,
                Native Hawaiian,,,,,,,,,,,,,,255,0.0%,,
                Chamorro,,,,,,,,,,,,,,17,0.0%,,
                Samoan,,,,,,,,,,,,,,135,0.0%,,
                Other Pacific Islander,,,,,,,,,,,,,,181,0.0%,,
            Some other race,,,,,,,,,,,,,,"114,988",7.3%,,
        Two or more races,,,,,,,,,,,,,,"67,307",4.3%,,
            White and Black or African American,,,,,,,,,,,,,,"20,254",1.3%,,
            White and American Indian and Alaska Native,,,,,,,,,,,,,,"2,696",0.2%,,
            White and Asian,,,,,,,,,,,,,,"7,955",0.5%,,
            Black or African American and American Indian and Alaska Native,,,,,,,,,,,,,,"3,369",0.2%,,
Race alone or in combination with one or more other races,,,,,,,,,,,,,,,,,
    Total population,,,,,,,,,,,,,,"1,581,531","1,581,531",,
        White,,,,,,,,,,,,,,"673,969",42.6%,,
        Black or African American,,,,,,,,,,,,,,"693,395",43.8%,,
        American Indian and Alaska Native,,,,,,,,,,,,,,"17,215",1.1%,,
        Asian,,,,,,,,,,,,,,"131,393",8.3%,,
        Native Hawaiian and Other Pacific Islander,,,,,,,,,,,,,,"2,695",0.2%,,
        Some other race,,,,,,,,,,,,,,"139,016",8.8%,,
HISPANIC OR LATINO AND RACE,,,,,,,,,,,,,,,,,
    Total population,,,,,,,,,,,,,,"1,581,531","1,581,531",,
        Hispanic or Latino (of any race),,,,,,,,,,,,,,"238,112",15.1%,,
            Mexican,,,,,,,,,,,,,,"19,084",1.2%,,
            Puerto Rican,,,,,,,,,,,,,,"138,962",8.8%,,
            Cuban,,,,,,,,,,,,,,"4,602",0.3%,,
            Other Hispanic or Latino,,,,,,,,,,,,,,"75,464",4.8%,,
        Not Hispanic or Latino,,,,,,,,,,,,,,"1,343,419",84.9%,,
            White alone,,,,,,,,,,,,,,"539,826",34.1%,,
            Black or African American alone,,,,,,,,,,,,,,"634,204",40.1%,,
            American Indian and Alaska Native alone,,,,,,,,,,,,,,"3,206",0.2%,,
            Asian alone,,,,,,,,,,,,,,"116,441",7.4%,,
            Native Hawaiian and Other Pacific Islander alone,,,,,,,,,,,,,,380,0.0%,,
            Some other race alone,,,,,,,,,,,,,,"6,482",0.4%,,
            Two or more races,,,,,,,,,,,,,,"42,880",2.7%,,
                Two races including Some other race,,,,,,,,,,,,,,"4,633",0.3%,,
"                Two races excluding Some other race, and Three or more races",,,,,,,,,,,,,,"38,247",2.4%,,
Total housing units,,,,,,,,,,,,,,"689,121",(X),,
"CITIZEN, VOTING AGE POPULATION",,,,,,,,,,,,,,,,,
"    Citizen, 18 and over population",,,,,,,,,,,,,,"1,140,501","1,140,501",,
        Male,,,,,,,,,,,,,,"522,833",45.8%,,
        Female,,,,,,,,,,,,,,"617,668",54.2%,,
SEX AND AGE,,,,,,,,,,,,,,,,,
    Total population,,,,,,,,,,,,,,,,"1,658,422","1,658,422"
        Male,,,,,,,,,,,,,,,,"828,085",49.9%
        Female,,,,,,,,,,,,,,,,"830,337",50.1%
        Sex ratio (males per 100 females),,,,,,,,,,,,,,,,99.7,(X)
        Under 5 years,,,,,,,,,,,,,,,,"116,706",7.0%
        5 to 9 years,,,,,,,,,,,,,,,,"116,776",7.0%
        10 to 14 years,,,,,,,,,,,,,,,,"121,354",7.3%
        15 to 19 years,,,,,,,,,,,,,,,,"115,932",7.0%
        20 to 24 years,,,,,,,,,,,,,,,,"117,571",7.1%
        25 to 34 years,,,,,,,,,,,,,,,,"268,623",16.2%
        35 to 44 years,,,,,,,,,,,,,,,,"229,855",13.9%
        45 to 54 years,,,,,,,,,,,,,,,,"209,148",12.6%
        55 to 59 years,,,,,,,,,,,,,,,,"96,681",5.8%
        60 to 64 years,,,,,,,,,,,,,,,,"83,774",5.1%
        65 to 74 years,,,,,,,,,,,,,,,,"112,070",6.8%
        75 to 84 years,,,,,,,,,,,,,,,,"48,927",3.0%
        85 years and over,,,,,,,,,,,,,,,,"21,005",1.3%
        Median age (years),,,,,,,,,,,,,,,,33.9,(X)
        Under 18 years,,,,,,,,,,,,,,,,"425,850",25.7%
        16 years and over,,,,,,,,,,,,,,,,"1,280,078",77.2%
        18 years and over,,,,,,,,,,,,,,,,"1,232,572",74.3%
        21 years and over,,,,,,,,,,,,,,,,"1,164,996",70.2%
        62 years and over,,,,,,,,,,,,,,,,"228,763",13.8%
        65 years and over,,,,,,,,,,,,,,,,"182,002",11.0%
        18 years and over,,,,,,,,,,,,,,,,"1,232,572","1,232,572"
            Male,,,,,,,,,,,,,,,,"610,483",49.5%
            Female,,,,,,,,,,,,,,,,"622,089",50.5%
            Sex ratio (males per 100 females),,,,,,,,,,,,,,,,98.1,(X)
        65 years and over,,,,,,,,,,,,,,,,"182,002","182,002"
            Male,,,,,,,,,,,,,,,,"81,775",44.9%
            Female,,,,,,,,,,,,,,,,"100,227",55.1%
            Sex ratio (males per 100 females),,,,,,,,,,,,,,,,81.6,(X)
RACE,,,,,,,,,,,,,,,,,
    Total population,,,,,,,,,,,,,,,,"1,658,422","1,658,422"
        One race,,,,,,,,,,,,,,,,"1,521,256",91.7%
        Two or more races,,,,,,,,,,,,,,,,"137,166",8.3%
        One race,,,,,,,,,,,,,,,,"1,521,256",91.7%
            White,,,,,,,,,,,,,,,,"1,131,594",68.2%
            Black or African American,,,,,,,,,,,,,,,,"117,807",7.1%
            American Indian and Alaska Native,,,,,,,,,,,,,,,,"33,719",2.0%
                Cherokee tribal grouping,,,,,,,,,,,,,,,,781,0.0%
                Chippewa tribal grouping,,,,,,,,,,,,,,,,159,0.0%
                Navajo tribal grouping,,,,,,,,,,,,,,,,"14,441",0.9%
                Sioux tribal grouping,,,,,,,,,,,,,,,,262,0.0%
            Asian,,,,,,,,,,,,,,,,"64,060",3.9%
                Asian Indian,,,,,,,,,,,,,,,,"22,904",1.4%
                Chinese,,,,,,,,,,,,,,,,"8,912",0.5%
                Filipino,,,,,,,,,,,,,,,,"11,084",0.7%
                Japanese,,,,,,,,,,,,,,,,"1,676",0.1%
                Korean,,,,,,,,,,,,,,,,"3,272",0.2%
                Vietnamese,,,,,,,,,,,,,,,,"6,177",0.4%
                Other Asian,,,,,,,,,,,,,,,,"10,035",0.6%
            Native Hawaiian and Other Pacific Islander,,,,,,,,,,,,,,,,"3,148",0.2%
                Native Hawaiian,,,,,,,,,,,,,,,,600,0.0%
                Chamorro,,,,,,,,,,,,,,,,623,0.0%
                Samoan,,,,,,,,,,,,,,,,343,0.0%
                Other Pacific Islander,,,,,,,,,,,,,,,,"1,582",0.1%
            Some other race,,,,,,,,,,,,,,,,"170,928",10.3%
        Two or more races,,,,,,,,,,,,,,,,"137,166",8.3%
            White and Black or African American,,,,,,,,,,,,,,,,"16,624",1.0%
            White and American Indian and Alaska Native,,,,,,,,,,,,,,,,"10,784",0.7%
            White and Asian,,,,,,,,,,,,,,,,"12,920",0.8%
            Black or African American and American Indian and Alaska Native,,,,,,,,,,,,,,,,"2,055",0.1%
Race alone or in combination with one or more other races,,,,,,,,,,,,,,,,,
    Total population,,,,,,,,,,,,,,,,"1,658,422","1,658,422"
        White,,,,,,,,,,,,,,,,"1,256,590",75.8%
        Black or African American,,,,,,,,,,,,,,,,"145,238",8.8%
        American Indian and Alaska Native,,,,,,,,,,,,,,,,"52,589",3.2%
        Asian,,,,,,,,,,,,,,,,"85,080",5.1%
        Native Hawaiian and Other Pacific Islander,,,,,,,,,,,,,,,,"8,018",0.5%
        Some other race,,,,,,,,,,,,,,,,"256,799",15.5%
HISPANIC OR LATINO AND RACE,,,,,,,,,,,,,,,,,
    Total population,,,,,,,,,,,,,,,,"1,658,422","1,658,422"
        Hispanic or Latino (of any race),,,,,,,,,,,,,,,,"707,268",42.6%
            Mexican,,,,,,,,,,,,,,,,"630,265",38.0%
            Puerto Rican,,,,,,,,,,,,,,,,"12,722",0.8%
            Cuban,,,,,,,,,,,,,,,,"5,745",0.3%
            Other Hispanic or Latino,,,,,,,,,,,,,,,,"58,536",3.5%
        Not Hispanic or Latino,,,,,,,,,,,,,,,,"951,154",57.4%
            White alone,,,,,,,,,,,,,,,,"699,993",42.2%
            Black or African American alone,,,,,,,,,,,,,,,,"111,443",6.7%
            American Indian and Alaska Native alone,,,,,,,,,,,,,,,,"25,889",1.6%
            Asian alone,,,,,,,,,,,,,,,,"62,058",3.7%
            Native Hawaiian and Other Pacific Islander alone,,,,,,,,,,,,,,,,"2,888",0.2%
            Some other race alone,,,,,,,,,,,,,,,,"4,567",0.3%
            Two or more races,,,,,,,,,,,,,,,,"44,316",2.7%
                Two races including Some other race,,,,,,,,,,,,,,,,"3,773",0.2%
"                Two races excluding Some other race, and Three or more races",,,,,,,,,,,,,,,,"40,543",2.4%
Total housing units,,,,,,,,,,,,,,,,"626,977",(X)
"CITIZEN, VOTING AGE POPULATION",,,,,,,,,,,,,,,,,
"    Citizen, 18 and over population",,,,,,,,,,,,,,,,"1,045,710","1,045,710"
        Male,,,,,,,,,,,,,,,,"514,490",49.2%
        Female,,,,,,,,,,,,,,,,"531,220",50.8%
